Username,Reponame,url,Stars_count
mrdoob,three.js,https://github.com/mrdoob/three.js,82900
libgdx,libgdx,https://github.com/libgdx/libgdx,20100
pmndrs,react-three-fiber,https://github.com/pmndrs/react-three-fiber,18400
BabylonJS,Babylon.js,https://github.com/BabylonJS/Babylon.js,17600
aframevr,aframe,https://github.com/aframevr/aframe,14300
ssloy,tinyrenderer,https://github.com/ssloy/tinyrenderer,13900
lettier,3d-game-shaders-for-beginners,https://github.com/lettier/3d-game-shaders-for-beginners,13200
FreeCAD,FreeCAD,https://github.com/FreeCAD/FreeCAD,11500
metafizzy,zdog,https://github.com/metafizzy/zdog,9200
CesiumGS,cesium,https://github.com/CesiumGS/cesium,8800
timzhang642,3D-Machine-Learning,https://github.com/timzhang642/3D-Machine-Learning,8000
a1studmuffin,SpaceshipGenerator,https://github.com/a1studmuffin/SpaceshipGenerator,7200
isl-org,Open3D,https://github.com/isl-org/Open3D,6900
blender,blender,https://github.com/blender/blender,5800
domlysz,BlenderGIS,https://github.com/domlysz/BlenderGIS,5300
spritejs,spritejs,https://github.com/spritejs/spritejs,4900
openscad,openscad,https://github.com/openscad/openscad,4800
jagenjo,webglstudio.js,https://github.com/jagenjo/webglstudio.js,4600
tensorspace-team,tensorspace,https://github.com/tensorspace-team/tensorspace,4700
YadiraF,PRNet,https://github.com/YadiraF/PRNet,4600
AaronJackson,vrn,https://github.com/AaronJackson/vrn,4400
google,model-viewer,https://github.com/google/model-viewer,4400
ssloy,tinyraytracer,https://github.com/ssloy/tinyraytracer,4200
FyroxEngine,Fyrox,https://github.com/FyroxEngine/Fyrox,4100
mosra,magnum,https://github.com/mosra/magnum,4100
tengbao,vanta,https://github.com/tengbao/vanta,3700
gfxfundamentals,webgl-fundamentals,https://github.com/gfxfundamentals/webgl-fundamentals,3600
cleardusk,3DDFA,https://github.com/cleardusk/3DDFA,3300
jasonlong,isometric-contributions,https://github.com/jasonlong/isometric-contributions,3200
cnr-isti-vclab,meshlab,https://github.com/cnr-isti-vclab/meshlab,3000
ljianshu,Blog,https://github.com/ljianshu/Blog,7100
metafizzy,infinite-scroll,https://github.com/metafizzy/infinite-scroll,7100
developit,unfetch,https://github.com/developit/unfetch,5300
jquery-form,form,https://github.com/jquery-form/form,5100
olifolkerd,tabulator,https://github.com/olifolkerd/tabulator,4700
Studio-42,elFinder,https://github.com/Studio-42/elFinder,4300
ded,reqwest,https://github.com/ded/reqwest,2900
dwyl,learn-to-send-email-via-google-script-html-no-server,https://github.com/dwyl/learn-to-send-email-via-google-script-html-no-server,2800
elbywan,wretch,https://github.com/elbywan/wretch,2400
LeaVerou,bliss,https://github.com/LeaVerou/bliss,2400
wendux,ajax-hook,https://github.com/wendux/ajax-hook,2100
yisainan,web-interview,https://github.com/yisainan/web-interview,2000
ptaoussanis,sente,https://github.com/ptaoussanis/sente,1600
nette,tracy,https://github.com/nette/tracy,1500
codingforentrepreneurs,eCommerce,https://github.com/codingforentrepreneurs/eCommerce,1200
k8w,tsrpc,https://github.com/k8w/tsrpc,1200
danielm,uploader,https://github.com/danielm/uploader,1100
swlib,saber,https://github.com/swlib/saber,959
opensource-socialnetwork,opensource-socialnetwork,https://github.com/opensource-socialnetwork/opensource-socialnetwork,871
webcreate,infinite-ajax-scroll,https://github.com/webcreate/infinite-ajax-scroll,860
rapidjs,rapid.js,https://github.com/rapidjs/rapid.js,708
karosLi,KKJSBridge,https://github.com/karosLi/KKJSBridge,585
cferdinandi,atomic,https://github.com/cferdinandi/atomic,540
GoogTech,sms-ssm,https://github.com/GoogTech/sms-ssm,518
dashborg,hibiki,https://github.com/dashborg/hibiki,420
englercj,resource-loader,https://github.com/englercj/resource-loader,398
jsGanttImproved,jsgantt-improved,https://github.com/jsGanttImproved/jsgantt-improved,384
klis87,redux-requests,https://github.com/klis87/redux-requests,361
loadingio,loading-bar,https://github.com/loadingio/loading-bar,357
yceruto,django-ajax,https://github.com/yceruto/django-ajax,317
jwasham,coding-interview-university,https://github.com/jwasham/coding-interview-university,222000
CyC2018,CS-Notes,https://github.com/CyC2018/CS-Notes,153000
trekhleb,javascript-algorithms,https://github.com/trekhleb/javascript-algorithms,144000
TheAlgorithms,Python,https://github.com/TheAlgorithms/Python,139000
yangshun,tech-interview-handbook,https://github.com/yangshun/tech-interview-handbook,72200
kdn251,interviews,https://github.com/kdn251/interviews,57500
azl397985856,leetcode,https://github.com/azl397985856/leetcode,48400
TheAlgorithms,Java,https://github.com/TheAlgorithms/Java,46500
algorithm-visualizer,algorithm-visualizer,https://github.com/algorithm-visualizer/algorithm-visualizer,37100
youngyangyang04,leetcode-master,https://github.com/youngyangyang04/leetcode-master,28600
crossoverJie,JCSprout,https://github.com/crossoverJie/JCSprout,26700
halfrost,LeetCode-Go,https://github.com/halfrost/LeetCode-Go,25600
donnemartin,interactive-coding-challenges,https://github.com/donnemartin/interactive-coding-challenges,25600
huihut,interview,https://github.com/huihut/interview,24600
keon,algorithms,https://github.com/keon/algorithms,21100
TheAlgorithms,JavaScript,https://github.com/TheAlgorithms/JavaScript,20300
TheAlgorithms,C-Plus-Plus,https://github.com/TheAlgorithms/C-Plus-Plus,19700
trekhleb,homemade-machine-learning,https://github.com/trekhleb/homemade-machine-learning,19400
mxgmn,WaveFunctionCollapse,https://github.com/mxgmn/WaveFunctionCollapse,18900
AtsushiSakai,PythonRobotics,https://github.com/AtsushiSakai/PythonRobotics,15500
greyireland,algorithm-pattern,https://github.com/greyireland/algorithm-pattern,13500
OpenGenus,cosmos,https://github.com/OpenGenus/cosmos,13000
williamfiset,Algorithms,https://github.com/williamfiset/Algorithms,12900
halfrost,Halfrost-Field,https://github.com/halfrost/Halfrost-Field,11200
apachecn,apachecn-algo-zh,https://github.com/apachecn/apachecn-algo-zh,10600
lnishan,awesome-competitive-programming,https://github.com/lnishan/awesome-competitive-programming,9800
Blankj,awesome-java-leetcode,https://github.com/Blankj/awesome-java-leetcode,8400
jeffgerickson,algorithms,https://github.com/jeffgerickson/algorithms,7500
gyoogle,tech-interview-for-developer,https://github.com/gyoogle/tech-interview-for-developer,7400
LeetCode-OpenSource,vscode-leetcode,https://github.com/LeetCode-OpenSource/vscode-leetcode,7300
amphp,amp,https://github.com/amphp/amp,3600
danog,MadelineProto,https://github.com/danog/MadelineProto,2000
amphp,http-server,https://github.com/amphp/http-server,1200
unreal4u,telegram-api,https://github.com/unreal4u/telegram-api,718
amphp,http-client,https://github.com/amphp/http-client,613
amphp,parallel,https://github.com/amphp/parallel,587
php-service-bus,service-bus,https://github.com/php-service-bus/service-bus,317
amphp,byte-stream,https://github.com/amphp/byte-stream,292
amphp,mysql,https://github.com/amphp/mysql,276
amphp,parallel-functions,https://github.com/amphp/parallel-functions,226
amphp,process,https://github.com/amphp/process,179
amphp,socket,https://github.com/amphp/socket,166
amphp,redis,https://github.com/amphp/redis,129
amphp,dns,https://github.com/amphp/dns,121
kelunik,acme,https://github.com/kelunik/acme,110
amphp,sync,https://github.com/amphp/sync,111
amphp,websocket-client,https://github.com/amphp/websocket-client,103
PeeHaa,mailgrab,https://github.com/PeeHaa/mailgrab,92
amphp,websocket-server,https://github.com/amphp/websocket-server,78
amphp,file,https://github.com/amphp/file,73
jolicode,asynit,https://github.com/jolicode/asynit,69
amphp,cache,https://github.com/amphp/cache,77
amphp,postgres,https://github.com/amphp/postgres,64
amphp,serialization,https://github.com/amphp/serialization,76
amphp,windows-registry,https://github.com/amphp/windows-registry,72
amphp,hpack,https://github.com/amphp/hpack,71
amphp,beanstalk,https://github.com/amphp/beanstalk,59
phpinnacle,ridge,https://github.com/phpinnacle/ridge,46
amphp,aerys,https://github.com/amphp/aerys,45
amphp,cluster,https://github.com/amphp/cluster,43
flutter,flutter,https://github.com/flutter/flutter,142000
justjavac,free-programming-books-zh_CN,https://github.com/justjavac/free-programming-books-zh_CN,93400
Genymobile,scrcpy,https://github.com/Genymobile/scrcpy,66600
Hack-with-Github,Awesome-Hacking,https://github.com/Hack-with-Github/Awesome-Hacking,51600
google,material-design-icons,https://github.com/google/material-design-icons,46000
wasabeef,awesome-android-ui,https://github.com/wasabeef/awesome-android-ui,42800
square,okhttp,https://github.com/square/okhttp,42300
Solido,awesome-flutter,https://github.com/Solido/awesome-flutter,41100
android,architecture-samples,https://github.com/android/architecture-samples,41000
square,retrofit,https://github.com/square/retrofit,40100
PhilJay,MPAndroidChart,https://github.com/PhilJay/MPAndroidChart,35200
fastlane,fastlane,https://github.com/fastlane/fastlane,35100
airbnb,lottie-android,https://github.com/airbnb/lottie-android,32900
bumptech,glide,https://github.com/bumptech/glide,32700
shadowsocks,shadowsocks-android,https://github.com/shadowsocks/shadowsocks-android,32600
Trinea,android-open-project,https://github.com/Trinea/android-open-project,31000
Blankj,AndroidUtilCode,https://github.com/Blankj/AndroidUtilCode,31000
xitu,gold-miner,https://github.com/xitu/gold-miner,30800
skylot,jadx,https://github.com/skylot/jadx,30600
bilibili,ijkplayer,https://github.com/bilibili/ijkplayer,30500
laurent22,joplin,https://github.com/laurent22/joplin,30200
zxing,zxing,https://github.com/zxing/zxing,29700
codepath,android_guides,https://github.com/codepath/android_guides,27800
square,leakcanary,https://github.com/square/leakcanary,27600
alibaba,fastjson,https://github.com/alibaba/fastjson,24700
scwang90,SmartRefreshLayout,https://github.com/scwang90/SmartRefreshLayout,23600
CymChad,BaseRecyclerViewAdapterHelper,https://github.com/CymChad/BaseRecyclerViewAdapterHelper,22900
appwrite,appwrite,https://github.com/appwrite/appwrite,22900
react-native-elements,react-native-elements,https://github.com/react-native-elements/react-native-elements,22500
google,iosched,https://github.com/google/iosched,21500
justjavac,free-programming-books-zh_CN,https://github.com/justjavac/free-programming-books-zh_CN,93400
angular,angular,https://github.com/angular/angular,82100
storybookjs,storybook,https://github.com/storybookjs/storybook,71800
leonardomso,33-js-concepts,https://github.com/leonardomso/33-js-concepts,49500
ionic-team,ionic-framework,https://github.com/ionic-team/ionic-framework,47500
prettier,prettier,https://github.com/prettier/prettier,43100
SheetJS,sheetjs,https://github.com/SheetJS/sheetjs,30500
angular,angular-cli,https://github.com/angular/angular-cli,25400
angular,components,https://github.com/angular/components,22800
NativeScript,NativeScript,https://github.com/NativeScript/NativeScript,21300
jhipster,generator-jhipster,https://github.com/jhipster/generator-jhipster,19700
goldbergyoni,javascript-testing-best-practices,https://github.com/goldbergyoni/javascript-testing-best-practices,17900
pubkey,rxdb,https://github.com/pubkey/rxdb,17600
handsontable,handsontable,https://github.com/handsontable/handsontable,16700
teambit,bit,https://github.com/teambit/bit,15300
sweetalert2,sweetalert2,https://github.com/sweetalert2/sweetalert2,14700
nrwl,nx,https://github.com/nrwl/nx,13100
linnovate,mean,https://github.com/linnovate/mean,12200
codesandbox,codesandbox-client,https://github.com/codesandbox/codesandbox-client,11600
Chocobozzz,PeerTube,https://github.com/Chocobozzz/PeerTube,10800
sudheerj,javascript-interview-questions,https://github.com/sudheerj/javascript-interview-questions,10500
PatrickJS,angular-starter,https://github.com/PatrickJS/angular-starter,10400
dotansimha,graphql-code-generator,https://github.com/dotansimha/graphql-code-generator,8800
jasontaylordev,CleanArchitecture,https://github.com/jasontaylordev/CleanArchitecture,8900
ag-grid,ag-grid,https://github.com/ag-grid/ag-grid,8800
angular,protractor,https://github.com/angular/protractor,8800
OnsenUI,OnsenUI,https://github.com/OnsenUI/OnsenUI,8600
PatrickJS,awesome-angular,https://github.com/PatrickJS/awesome-angular,8300
abpframework,abp,https://github.com/abpframework/abp,8200
NG-ZORRO,ng-zorro-antd,https://github.com/NG-ZORRO/ng-zorro-antd,8200
ansible,ansible,https://github.com/ansible/ansible,53500
bregman-arie,devops-exercises,https://github.com/bregman-arie/devops-exercises,25700
trailofbits,algo,https://github.com/trailofbits/algo,25600
StreisandEffect,streisand,https://github.com/StreisandEffect/streisand,22800
MichaelCade,90DaysOfDevOps,https://github.com/MichaelCade/90DaysOfDevOps,13700
kubernetes-sigs,kubespray,https://github.com/kubernetes-sigs/kubespray,12400
ansible,awx,https://github.com/ansible/awx,11100
easzlab,kubeasz,https://github.com/easzlab/kubeasz,8200
geerlingguy,ansible-for-devops,https://github.com/geerlingguy/ansible-for-devops,5900
khuedoan,homelab,https://github.com/khuedoan/homelab,5800
curlconverter,curlconverter,https://github.com/curlconverter/curlconverter,5600
ansible-semaphore,semaphore,https://github.com/ansible-semaphore/semaphore,5000
Tikam02,DevOps-Guide,https://github.com/Tikam02/DevOps-Guide,4900
geerlingguy,mac-dev-playbook,https://github.com/geerlingguy/mac-dev-playbook,4600
rundeck,rundeck,https://github.com/rundeck/rundeck,4600
KubeOperator,KubeOperator,https://github.com/KubeOperator/KubeOperator,4300
clong,DetectionLab,https://github.com/clong/DetectionLab,3700
ansible-community,molecule,https://github.com/ansible-community/molecule,3400
opendevops-cn,opendevops,https://github.com/opendevops-cn/opendevops,3200
werf,werf,https://github.com/werf/werf,3200
netbootxyz,netboot.xyz,https://github.com/netbootxyz/netboot.xyz,3100
litmuschaos,litmus,https://github.com/litmuschaos/litmus,3100
welliamcao,OpsManage,https://github.com/welliamcao/OpsManage,3000
ansible,ansible-lint,https://github.com/ansible/ansible-lint,2800
dev-sec,ansible-collection-hardening,https://github.com/dev-sec/ansible-collection-hardening,2800
alixaxel,chrome-aws-lambda,https://github.com/alixaxel/chrome-aws-lambda,2700
roots,trellis,https://github.com/roots/trellis,2300
ansistrano,deploy,https://github.com/ansistrano/deploy,2200
fboender,ansible-cmdb,https://github.com/fboender/ansible-cmdb,2100
openshift,openshift-ansible,https://github.com/openshift/openshift-ansible,2100
public-apis,public-apis,https://github.com/public-apis/public-apis,197000
neovim,neovim,https://github.com/neovim/neovim,54600
tiangolo,fastapi,https://github.com/tiangolo/fastapi,46400
strapi,strapi,https://github.com/strapi/strapi,45800
hoppscotch,hoppscotch,https://github.com/hoppscotch/hoppscotch,44400
slatedocs,slate,https://github.com/slatedocs/slate,34200
meilisearch,meilisearch,https://github.com/meilisearch/meilisearch,27500
hasura,graphql-engine,https://github.com/hasura/graphql-engine,27200
ccxt,ccxt,https://github.com/ccxt/ccxt,24900
Binaryify,NeteaseCloudMusicApi,https://github.com/Binaryify/NeteaseCloudMusicApi,24500
YMFE,yapi,https://github.com/YMFE/yapi,24400
encode,django-rest-framework,https://github.com/encode/django-rest-framework,23600
littlecodersh,ItChat,https://github.com/littlecodersh/ItChat,22200
httpie,httpie,https://github.com/httpie/httpie,22100
Kong,insomnia,https://github.com/Kong/insomnia,21300
paularmstrong,normalizr,https://github.com/paularmstrong/normalizr,20900
FallibleInc,security-guide-for-developers,https://github.com/FallibleInc/security-guide-for-developers,20200
microsoft,api-guidelines,https://github.com/microsoft/api-guidelines,19400
pubkey,rxdb,https://github.com/pubkey/rxdb,17600
shieldfy,API-Security-Checklist,https://github.com/shieldfy/API-Security-Checklist,17300
directus,directus,https://github.com/directus/directus,16400
ChainSafe,web3.js,https://github.com/ChainSafe/web3.js,15400
learn-anything,learn-anything,https://github.com/learn-anything/learn-anything,14100
youfou,wxpy,https://github.com/youfou/wxpy,13300
jsdoc,jsdoc,https://github.com/jsdoc/jsdoc,12900
BrainJS,brain.js,https://github.com/BrainJS/brain.js,12600
OpenAPITools,openapi-generator,https://github.com/OpenAPITools/openapi-generator,12600
fangzesheng,free-api,https://github.com/fangzesheng/free-api,12300
go-chi,chi,https://github.com/go-chi/chi,11600
graphile,postgraphile,https://github.com/graphile/postgraphile,11400
arendst,Tasmota,https://github.com/arendst/Tasmota,17700
MarlinFirmware,Marlin,https://github.com/MarlinFirmware/Marlin,13400
arduino,Arduino,https://github.com/arduino/Arduino,12900
rwaldron,johnny-five,https://github.com/rwaldron/johnny-five,12700
tinygo-org,tinygo,https://github.com/tinygo-org/tinygo,10900
SpacehuhnTech,esp8266_deauther,https://github.com/SpacehuhnTech/esp8266_deauther,10100
espressif,arduino-esp32,https://github.com/espressif/arduino-esp32,8800
hybridgroup,gobot,https://github.com/hybridgroup/gobot,7800
gurugio,lowlevelprogramming-university,https://github.com/gurugio/lowlevelprogramming-university,7600
platformio,platformio-core,https://github.com/platformio/platformio-core,5900
bblanchon,ArduinoJson,https://github.com/bblanchon/ArduinoJson,5700
tzapu,WiFiManager,https://github.com/tzapu/WiFiManager,5300
hybridgroup,cylon,https://github.com/hybridgroup/cylon,3900
Arduino-IRremote,Arduino-IRremote,https://github.com/Arduino-IRremote/Arduino-IRremote,3700
arduino,arduino-cli,https://github.com/arduino/arduino-cli,3400
blynkkk,blynk-library,https://github.com/blynkkk/blynk-library,3400
NectarJS,nectarjs,https://github.com/NectarJS/nectarjs,3300
olikraus,u8g2,https://github.com/olikraus/u8g2,3100
ClemensElflein,OpenMower,https://github.com/ClemensElflein/OpenMower,3100
Serial-Studio,Serial-Studio,https://github.com/Serial-Studio/Serial-Studio,2700
1technophile,OpenMQTTGateway,https://github.com/1technophile/OpenMQTTGateway,2600
scottlawsonbc,audio-reactive-led-strip,https://github.com/scottlawsonbc/audio-reactive-led-strip,2300
scottbez1,splitflap,https://github.com/scottbez1/splitflap,2300
isl-org,OpenBot,https://github.com/isl-org/OpenBot,2200
crankyoldgit,IRremoteESP8266,https://github.com/crankyoldgit/IRremoteESP8266,2100
Bodmer,TFT_eSPI,https://github.com/Bodmer/TFT_eSPI,1900
stm32duino,Arduino_Core_STM32,https://github.com/stm32duino/Arduino_Core_STM32,1900
nRF24,RF24,https://github.com/nRF24/RF24,1900
blinker-iot,blinker-library,https://github.com/blinker-iot/blinker-library,1900
ThingPulse,esp8266-oled-ssd1306,https://github.com/ThingPulse/esp8266-oled-ssd1306,1700
dotnet,AspNetCore.Docs,https://github.com/dotnet/AspNetCore.Docs,10600
aspnetboilerplate,aspnetboilerplate,https://github.com/aspnetboilerplate/aspnetboilerplate,10400
bitwarden,server,https://github.com/bitwarden/server,10000
abpframework,abp,https://github.com/abpframework/abp,8200
nopSolutions,nopCommerce,https://github.com/nopSolutions/nopCommerce,7300
ElectronNET,Electron.NET,https://github.com/ElectronNET/Electron.NET,6300
RicoSuter,NSwag,https://github.com/RicoSuter/NSwag,5200
thangchung,clean-code-dotnet,https://github.com/thangchung/clean-code-dotnet,5100
smartstore,SmartStoreNET,https://github.com/smartstore/SmartStoreNET,2500
JimBobSquarePants,ImageProcessor,https://github.com/JimBobSquarePants/ImageProcessor,2500
serenity-is,Serenity,https://github.com/serenity-is/Serenity,2200
dotnet,aspnet-api-versioning,https://github.com/dotnet/aspnet-api-versioning,2300
loic-sharma,BaGet,https://github.com/loic-sharma/BaGet,2100
mjebrahimi,Awesome-Microservices-DotNet,https://github.com/mjebrahimi/Awesome-Microservices-DotNet,1800
TrilonIO,aspnetcore-angular-universal,https://github.com/TrilonIO/aspnetcore-angular-universal,1500
TrilonIO,aspnetcore-Vue-starter,https://github.com/TrilonIO/aspnetcore-Vue-starter,1200
MarimerLLC,csla,https://github.com/MarimerLLC/csla,1000
riganti,dotvvm,https://github.com/riganti/dotvvm,613
antonioCoco,SharPyShell,https://github.com/antonioCoco/SharPyShell,600
cornflourblue,aspnet-core-3-jwt-authentication-api,https://github.com/cornflourblue/aspnet-core-3-jwt-authentication-api,608
json-api-dotnet,JsonApiDotNetCore,https://github.com/json-api-dotnet/JsonApiDotNetCore,558
chsakell,mvcarchitecture,https://github.com/chsakell/mvcarchitecture,462
brthor,Gofer.NET,https://github.com/brthor/Gofer.NET,444
YAFNET,YAFNET,https://github.com/YAFNET/YAFNET,430
Maarten88,rrod,https://github.com/Maarten88/rrod,376
SapphireDb,SapphireDb,https://github.com/SapphireDb/SapphireDb,380
Taritsyn,WebMarkupMin,https://github.com/Taritsyn/WebMarkupMin,368
chsakell,aspnet-core-identity,https://github.com/chsakell/aspnet-core-identity,362
smartstore,Smartstore,https://github.com/smartstore/Smartstore,342
EEParker,aspnetcore-vueclimiddleware,https://github.com/EEParker/aspnetcore-vueclimiddleware,328
atom,atom,https://github.com/atom/atom,58200
themerdev,themer,https://github.com/themerdev/themer,4800
nteract,hydrogen,https://github.com/nteract/hydrogen,3800
miniflux,v2,https://github.com/miniflux/v2,3700
shd101wyy,markdown-preview-enhanced,https://github.com/shd101wyy/markdown-preview-enhanced,3700
atom,teletype,https://github.com/atom/teletype,2400
mmcdole,gofeed,https://github.com/mmcdole/gofeed,1900
mehcode,awesome-atom,https://github.com/mehcode/awesome-atom,1900
joefitzgerald,go-plus,https://github.com/joefitzgerald/go-plus,1500
Glavin001,atom-beautify,https://github.com/Glavin001/atom-beautify,1500
simplepie,simplepie,https://github.com/simplepie/simplepie,1400
kurtmckee,feedparser,https://github.com/kurtmckee/feedparser,1400
t9md,atom-vim-mode-plus,https://github.com/t9md/atom-vim-mode-plus,1400
ocaml,merlin,https://github.com/ocaml/merlin,1400
MagicStack,MagicPython,https://github.com/MagicStack/MagicPython,1300
atom,apm,https://github.com/atom/apm,1300
file-icons,atom,https://github.com/file-icons/atom,1200
kettanaito,atomic-layout,https://github.com/kettanaito/atomic-layout,1100
atom,github,https://github.com/atom/github,1000
nmdias,FeedKit,https://github.com/nmdias/FeedKit,991
nathanbuchar,atom-one-dark-terminal,https://github.com/nathanbuchar/atom-one-dark-terminal,967
fwcd,kotlin-language-server,https://github.com/fwcd/kotlin-language-server,952
danhper,atomic-chrome,https://github.com/danhper/atomic-chrome,927
jesseweed,seti-ui,https://github.com/jesseweed/seti-ui,898
jpmonette,feed,https://github.com/jpmonette/feed,802
prettier,prettier-atom,https://github.com/prettier/prettier-atom,778
feeddd,feeds,https://github.com/feeddd/feeds,753
raphamorim,lucario,https://github.com/raphamorim/lucario,745
atom-community,atom-script,https://github.com/atom-community/atom-script,737
jasonmunro,cypht,https://github.com/jasonmunro/cypht,721
sindresorhus,awesome,https://github.com/sindresorhus/awesome,205000
vinta,awesome-python,https://github.com/vinta/awesome-python,131000
awesome-selfhosted,awesome-selfhosted,https://github.com/awesome-selfhosted/awesome-selfhosted,91800
avelino,awesome-go,https://github.com/avelino/awesome-go,82500
trimstray,the-book-of-secret-knowledge,https://github.com/trimstray/the-book-of-secret-knowledge,70400
papers-we-love,papers-we-love,https://github.com/papers-we-love/papers-we-love,61900
521xueweihan,HelloGitHub,https://github.com/521xueweihan/HelloGitHub,56400
Hack-with-Github,Awesome-Hacking,https://github.com/Hack-with-Github/Awesome-Hacking,51600
jaywcjlove,awesome-mac,https://github.com/jaywcjlove/awesome-mac,49700
DopplerHQ,awesome-interview-questions,https://github.com/DopplerHQ/awesome-interview-questions,47100
sindresorhus,awesome-nodejs,https://github.com/sindresorhus/awesome-nodejs,44900
wasabeef,awesome-android-ui,https://github.com/wasabeef/awesome-android-ui,42800
Solido,awesome-flutter,https://github.com/Solido/awesome-flutter,41100
MunGell,awesome-for-beginners,https://github.com/MunGell/awesome-for-beginners,40900
prakhar1989,awesome-courses,https://github.com/prakhar1989/awesome-courses,40600
vsouza,awesome-ios,https://github.com/vsouza/awesome-ios,39600
binhnguyennus,awesome-scalability,https://github.com/binhnguyennus/awesome-scalability,38900
fffaraz,awesome-cpp,https://github.com/fffaraz/awesome-cpp,38000
tiimgreen,github-cheat-sheet,https://github.com/tiimgreen/github-cheat-sheet,35300
dypsilon,frontend-dev-bookmarks,https://github.com/dypsilon/frontend-dev-bookmarks,33900
akullpp,awesome-java,https://github.com/akullpp/awesome-java,32299
serhii-londar,open-source-mac-os-apps,https://github.com/serhii-londar/open-source-mac-os-apps,30600
dkhamsing,open-source-ios-apps,https://github.com/dkhamsing/open-source-ios-apps,30500
brillout,awesome-react-components,https://github.com/brillout/awesome-react-components,30100
ziadoz,awesome-php,https://github.com/ziadoz/awesome-php,26700
rust-unofficial,awesome-rust,https://github.com/rust-unofficial/awesome-rust,26400
herrbischoff,awesome-macos-command-line,https://github.com/herrbischoff/awesome-macos-command-line,25700
goabstract,Awesome-Design-Tools,https://github.com/goabstract/Awesome-Design-Tools,24400
alebcay,awesome-shell,https://github.com/alebcay/awesome-shell,23800
sindresorhus,awesome-electron,https://github.com/sindresorhus/awesome-electron,22800
serverless,serverless,https://github.com/serverless/serverless,42900
localstack,localstack,https://github.com/localstack/localstack,41600
bregman-arie,devops-exercises,https://github.com/bregman-arie/devops-exercises,25700
donnemartin,data-science-ipython-notebooks,https://github.com/donnemartin/data-science-ipython-notebooks,23200
ramitsurana,awesome-kubernetes,https://github.com/ramitsurana/awesome-kubernetes,12800
pulumi,pulumi,https://github.com/pulumi/pulumi,12800
aws,aws-cli,https://github.com/aws/aws-cli,12500
kubernetes-sigs,kubespray,https://github.com/kubernetes-sigs/kubespray,12400
donnemartin,awesome-aws,https://github.com/donnemartin/awesome-aws,10400
mozilla,sops,https://github.com/mozilla/sops,10000
apereo,cas,https://github.com/apereo/cas,9500
aws,chalice,https://github.com/aws/chalice,9000
aws,aws-cdk,https://github.com/aws/aws-cdk,8800
aws-amplify,amplify-js,https://github.com/aws-amplify/amplify-js,8800
caprover,caprover,https://github.com/caprover/caprover,8700
aws,serverless-application-model,https://github.com/aws/serverless-application-model,8600
apex,up,https://github.com/apex/up,8600
google,go-cloud,https://github.com/google/go-cloud,8400
angristan,openvpn-install,https://github.com/angristan/openvpn-install,8200
GoogleCloudPlatform,terraformer,https://github.com/GoogleCloudPlatform/terraformer,7700
aws,aws-sdk-go,https://github.com/aws/aws-sdk-go,7700
hashicorp,terraform-provider-aws,https://github.com/hashicorp/terraform-provider-aws,7400
boto,boto3,https://github.com/boto/boto3,7300
aws,aws-sdk-js,https://github.com/aws/aws-sdk-js,7100
aws,amazon-sagemaker-examples,https://github.com/aws/amazon-sagemaker-examples,7000
serverless-stack,serverless-stack,https://github.com/serverless-stack/serverless-stack,7000
infracost,infracost,https://github.com/infracost/infracost,6900
awslabs,aws-shell,https://github.com/awslabs/aws-shell,6600
99designs,aws-vault,https://github.com/99designs/aws-vault,6300
gruntwork-io,terratest,https://github.com/gruntwork-io/terratest,6100
bregman-arie,devops-exercises,https://github.com/bregman-arie/devops-exercises,25700
microsoft,recommenders,https://github.com/microsoft/recommenders,13400
ramitsurana,awesome-kubernetes,https://github.com/ramitsurana/awesome-kubernetes,12800
pulumi,pulumi,https://github.com/pulumi/pulumi,12800
Azure,azure-quickstart-templates,https://github.com/Azure/azure-quickstart-templates,11900
mozilla,sops,https://github.com/mozilla/sops,10000
caprover,caprover,https://github.com/caprover/caprover,8700
microsoft,computervision-recipes,https://github.com/microsoft/computervision-recipes,8500
google,go-cloud,https://github.com/google/go-cloud,8400
infracost,infracost,https://github.com/infracost/infracost,6900
microsoft,azuredatastudio,https://github.com/microsoft/azuredatastudio,6800
node-formidable,formidable,https://github.com/node-formidable/formidable,6200
midwayjs,midway,https://github.com/midwayjs/midway,5800
thangchung,clean-code-dotnet,https://github.com/thangchung/clean-code-dotnet,5100
aquasecurity,tfsec,https://github.com/aquasecurity/tfsec,4600
budtmo,docker-android,https://github.com/budtmo/docker-android,4600
nccgroup,ScoutSuite,https://github.com/nccgroup/ScoutSuite,4400
bridgecrewio,checkov,https://github.com/bridgecrewio/checkov,4300
cloud-custodian,cloud-custodian,https://github.com/cloud-custodian/cloud-custodian,4200
Azure,autorest,https://github.com/Azure/autorest,3800
Azure,azure-sdk-for-net,https://github.com/Azure/azure-sdk-for-net,3800
simov,grant,https://github.com/simov/grant,3600
hashicorp,terraform-provider-azurerm,https://github.com/hashicorp/terraform-provider-azurerm,3400
microsoft,SynapseML,https://github.com/microsoft/SynapseML,3300
Azure,MachineLearningNotebooks,https://github.com/Azure/MachineLearningNotebooks,3300
Azure,azure-powershell,https://github.com/Azure/azure-powershell,3100
Azure,azure-cli,https://github.com/Azure/azure-cli,3100
sottlmarek,DevSecOps,https://github.com/sottlmarek/DevSecOps,3100
Azure,azure-sdk-for-python,https://github.com/Azure/azure-sdk-for-python,2800
APIs-guru,openapi-directory,https://github.com/APIs-guru/openapi-directory,2800
babel,babel,https://github.com/babel/babel,41000
nylas,nylas-mail,https://github.com/nylas/nylas-mail,24600
swc-project,swc,https://github.com/swc-project/swc,22600
kriasoft,react-starter-kit,https://github.com/kriasoft/react-starter-kit,21200
avajs,ava,https://github.com/avajs/ava,19800
electron-react-boilerplate,electron-react-boilerplate,https://github.com/electron-react-boilerplate/electron-react-boilerplate,19800
SimulatedGREG,electron-vue,https://github.com/SimulatedGREG/electron-vue,15000
grab,front-end-guide,https://github.com/grab/front-end-guide,14400
jamiebuilds,babel-handbook,https://github.com/jamiebuilds/babel-handbook,11000
grommet,grommet,https://github.com/grommet/grommet,7900
developit,htm,https://github.com/developit/htm,7600
angular-fullstack,generator-angular-fullstack,https://github.com/angular-fullstack/generator-angular-fullstack,6100
ben-rogerson,twin.macro,https://github.com/ben-rogerson/twin.macro,5900
documentationjs,documentation,https://github.com/documentationjs/documentation,5500
insin,nwb,https://github.com/insin/nwb,5500
egoist,poi,https://github.com/egoist/poi,5300
thinkjs,thinkjs,https://github.com/thinkjs/thinkjs,5300
fkling,astexplorer,https://github.com/fkling/astexplorer,4700
transitive-bullshit,create-react-library,https://github.com/transitive-bullshit/create-react-library,4700
babel,babel-loader,https://github.com/babel/babel-loader,4600
duxianwei520,react,https://github.com/duxianwei520/react,4600
jaredpalmer,backpack,https://github.com/jaredpalmer/backpack,4500
babel,minify,https://github.com/babel/minify,4300
thx,gogocode,https://github.com/thx/gogocode,3400
tleunen,babel-plugin-module-resolver,https://github.com/tleunen/babel-plugin-module-resolver,3200
andywer,webpack-blocks,https://github.com/andywer/webpack-blocks,3000
babel,babel-eslint,https://github.com/babel/babel-eslint,3000
privatenumber,esbuild-loader,https://github.com/privatenumber/esbuild-loader,2900
kunalkapadia,express-mongoose-es6-rest-api,https://github.com/kunalkapadia/express-mongoose-es6-rest-api,2900
Atyantik,react-pwa,https://github.com/Atyantik/react-pwa,2500
jlevy,the-art-of-command-line,https://github.com/jlevy/the-art-of-command-line,107000
nvm-sh,nvm,https://github.com/nvm-sh/nvm,58600
junegunn,fzf,https://github.com/junegunn/fzf,45100
google,zx,https://github.com/google/zx,32200
dylanaraps,pure-bash-bible,https://github.com/dylanaraps/pure-bash-bible,31200
koalaman,shellcheck,https://github.com/koalaman/shellcheck,29000
LeCoupa,awesome-cheatsheets,https://github.com/LeCoupa/awesome-cheatsheets,29000
mathiasbynens,dotfiles,https://github.com/mathiasbynens/dotfiles,27900
acmesh-official,acme.sh,https://github.com/acmesh-official/acme.sh,27000
starship,starship,https://github.com/starship/starship,26900
alebcay,awesome-shell,https://github.com/alebcay/awesome-shell,23800
jaywcjlove,linux-command,https://github.com/jaywcjlove/linux-command,18900
withfig,autocomplete,https://github.com/withfig/autocomplete,18300
dylanaraps,neofetch,https://github.com/dylanaraps/neofetch,15400
Nyr,openvpn-install,https://github.com/Nyr/openvpn-install,15200
rbenv,rbenv,https://github.com/rbenv/rbenv,14200
powerline,powerline,https://github.com/powerline/powerline,13300
shelljs,shelljs,https://github.com/shelljs/shelljs,13300
Bash-it,bash-it,https://github.com/Bash-it/bash-it,13000
faressoft,terminalizer,https://github.com/faressoft/terminalizer,12700
jessfraz,dockerfiles,https://github.com/jessfraz/dockerfiles,12600
denisidoro,navi,https://github.com/denisidoro/navi,11200
codota,TabNine,https://github.com/codota/TabNine,9200
direnv,direnv,https://github.com/direnv/direnv,9200
carlospolop,PEASS-ng,https://github.com/carlospolop/PEASS-ng,9000
skywind3000,awesome-cheatsheets,https://github.com/skywind3000/awesome-cheatsheets,8900
rgcr,m-cli,https://github.com/rgcr/m-cli,8900
alexanderepstein,Bash-Snippets,https://github.com/alexanderepstein/Bash-Snippets,8700
kanaka,mal,https://github.com/kanaka/mal,8700
angristan,openvpn-install,https://github.com/angristan/openvpn-install,8200
bitcoin,bitcoin,https://github.com/bitcoin/bitcoin,64800
ccxt,ccxt,https://github.com/ccxt/ccxt,24900
freqtrade,freqtrade,https://github.com/freqtrade/freqtrade,18000
HelloZeroNet,ZeroNet,https://github.com/HelloZeroNet/ZeroNet,17500
askmike,gekko,https://github.com/askmike/gekko,9900
bbfamily,abu,https://github.com/bbfamily/abu,9100
solana-labs,solana,https://github.com/solana-labs/solana,8900
lbryio,lbry-sdk,https://github.com/lbryio/lbry-sdk,7100
dvf,blockchain,https://github.com/dvf/blockchain,7000
yeasy,blockchain_guide,https://github.com/yeasy/blockchain_guide,6100
lightningnetwork,lnd,https://github.com/lightningnetwork/lnd,6100
spesmilo,electrum,https://github.com/spesmilo/electrum,5800
butor,blackbird,https://github.com/butor/blackbird,5600
btcsuite,btcd,https://github.com/btcsuite/btcd,4800
bitcoinjs,bitcoinjs-lib,https://github.com/bitcoinjs/bitcoinjs-lib,4600
bitcoinj,bitcoinj,https://github.com/bitcoinj/bitcoinj,4300
CryptoSignal,Crypto-Signal,https://github.com/CryptoSignal/Crypto-Signal,4000
bisq-network,bisq,https://github.com/bisq-network/bisq,4000
jesse-ai,jesse,https://github.com/jesse-ai/jesse,4000
coinpride,CryptoList,https://github.com/coinpride/CryptoList,3800
michaelgrosner,tribeca,https://github.com/michaelgrosner/tribeca,3700
RomelTorres,alpha_vantage,https://github.com/RomelTorres/alpha_vantage,3700
btcpayserver,btcpayserver,https://github.com/btcpayserver/btcpayserver,3600
Zheaoli,awesome-coins,https://github.com/Zheaoli/awesome-coins,3600
bitpay,wallet,https://github.com/bitpay/wallet,3500
Jeiwan,blockchain_go,https://github.com/Jeiwan/blockchain_go,3400
SqueezerIO,squeezer,https://github.com/SqueezerIO/squeezer,3300
cointop-sh,cointop,https://github.com/cointop-sh/cointop,3200
bitcoin-wallet,bitcoin-wallet,https://github.com/bitcoin-wallet/bitcoin-wallet,2900
ctubio,Krypto-trading-bot,https://github.com/ctubio/Krypto-trading-bot,2800
twbs,bootstrap,https://github.com/twbs/bootstrap,158000
ColorlibHQ,AdminLTE,https://github.com/ColorlibHQ/AdminLTE,41100
tabler,tabler,https://github.com/tabler/tabler,26100
mdbootstrap,mdb-ui-kit,https://github.com/mdbootstrap/mdb-ui-kit,22400
react-bootstrap,react-bootstrap,https://github.com/react-bootstrap/react-bootstrap,20800
ColorlibHQ,gentelella,https://github.com/ColorlibHQ/gentelella,20500
verekia,js-stack-from-scratch,https://github.com/verekia/js-stack-from-scratch,19200
bootstrap-vue,bootstrap-vue,https://github.com/bootstrap-vue/bootstrap-vue,13900
thomaspark,bootswatch,https://github.com/thomaspark/bootswatch,13700
uxsolutions,bootstrap-datepicker,https://github.com/uxsolutions/bootstrap-datepicker,12500
wenzhixin,bootstrap-table,https://github.com/wenzhixin/bootstrap-table,11300
coreui,coreui-free-bootstrap-admin-template,https://github.com/coreui/coreui-free-bootstrap-admin-template,11200
reactstrap,reactstrap,https://github.com/reactstrap/reactstrap,10300
Templarian,MaterialDesign,https://github.com/Templarian/MaterialDesign,10200
snapappointments,bootstrap-select,https://github.com/snapappointments/bootstrap-select,9600
mdbootstrap,material-design-for-bootstrap,https://github.com/mdbootstrap/material-design-for-bootstrap,9500
StartBootstrap,startbootstrap-sb-admin-2,https://github.com/StartBootstrap/startbootstrap-sb-admin-2,9200
ng-bootstrap,ng-bootstrap,https://github.com/ng-bootstrap/ng-bootstrap,7900
BlackrockDigital,startbootstrap,https://github.com/BlackrockDigital/startbootstrap,7200
olton,Metro-UI-CSS,https://github.com/olton/Metro-UI-CSS,6900
twbs,icons,https://github.com/twbs/icons,6200
creativetimofficial,material-kit,https://github.com/creativetimofficial/material-kit,5700
febsteam,FEBS-Shiro,https://github.com/febsteam/FEBS-Shiro,5700
valor-software,ngx-bootstrap,https://github.com/valor-software/ngx-bootstrap,5400
kartik-v,bootstrap-fileinput,https://github.com/kartik-v/bootstrap-fileinput,5200
Bttstrp,bootstrap-switch,https://github.com/Bttstrp/bootstrap-switch,5100
jschr,bootstrap-modal,https://github.com/jschr/bootstrap-modal,5000
givanz,VvvebJs,https://github.com/givanz/VvvebJs,4900
cloudfavorites,favorites-web,https://github.com/cloudfavorites/favorites-web,4600
seyhunak,twitter-bootstrap-rails,https://github.com/seyhunak/twitter-bootstrap-rails,4500
ccxt,ccxt,https://github.com/ccxt/ccxt,24900
discordjs,discord.js,https://github.com/discordjs/discord.js,19600
python-telegram-bot,python-telegram-bot,https://github.com/python-telegram-bot/python-telegram-bot,18900
hubotio,hubot,https://github.com/hubotio/hubot,16200
RasaHQ,rasa,https://github.com/RasaHQ/rasa,14500
InstaPy,InstaPy,https://github.com/InstaPy/InstaPy,14300
wechaty,wechaty,https://github.com/wechaty/wechaty,12900
gunthercox,ChatterBot,https://github.com/gunthercox/ChatterBot,12300
tgbot-collection,YYeTsBot,https://github.com/tgbot-collection/YYeTsBot,11400
Rapptz,discord.py,https://github.com/Rapptz/discord.py,10800
howdyai,botkit,https://github.com/howdyai/botkit,10800
botpress,botpress,https://github.com/botpress/botpress,9700
sfyc23,EverydayWechat,https://github.com/sfyc23/EverydayWechat,9000
leon-ai,leon,https://github.com/leon-ai/leon,8800
microsoft,ailab,https://github.com/microsoft/ailab,7100
EZFNDEV,EZFN-Lobbybot,https://github.com/EZFNDEV/EZFN-Lobbybot,6900
pedroslopez,whatsapp-web.js,https://github.com/pedroslopez/whatsapp-web.js,6900
microsoft,botframework-sdk,https://github.com/microsoft/botframework-sdk,6800
yagop,node-telegram-bot-api,https://github.com/yagop/node-telegram-bot-api,6200
maxbbraun,trump2cash,https://github.com/maxbbraun/trump2cash,6100
telegraf,telegraf,https://github.com/telegraf/telegraf,5800
deepmipt,DeepPavlov,https://github.com/deepmipt/DeepPavlov,5800
botman,botman,https://github.com/botman/botman,5600
Mrs4s,go-cqhttp,https://github.com/Mrs4s/go-cqhttp,5200
axa-group,nlp.js,https://github.com/axa-group/nlp.js,5000
jef,streetmerchant,https://github.com/jef/streetmerchant,4800
BotsAppOfficial,BotsApp,https://github.com/BotsAppOfficial/BotsApp,4300
ohld,igbot,https://github.com/ohld/igbot,4200
jesse-ai,jesse,https://github.com/jesse-ai/jesse,4000
chrisleekr,binance-trading-bot,https://github.com/chrisleekr/binance-trading-bot,3900
Genymobile,scrcpy,https://github.com/Genymobile/scrcpy,66600
neovim,neovim,https://github.com/neovim/neovim,54600
git,git,https://github.com/git/git,42500
obsproject,obs-studio,https://github.com/obsproject/obs-studio,39100
fffaraz,awesome-cpp,https://github.com/fffaraz/awesome-cpp,38000
serhii-londar,open-source-mac-os-apps,https://github.com/serhii-londar/open-source-mac-os-apps,30600
FFmpeg,FFmpeg,https://github.com/FFmpeg/FFmpeg,30200
vim,vim,https://github.com/vim/vim,27300
curl,curl,https://github.com/curl/curl,25500
huihut,interview,https://github.com/huihut/interview,24600
ggreer,the_silver_searcher,https://github.com/ggreer/the_silver_searcher,23800
ruby,ruby,https://github.com/ruby/ruby,19200
mpv-player,mpv,https://github.com/mpv-player/mpv,19100
pbatard,rufus,https://github.com/pbatard/rufus,18600
ossrs,srs,https://github.com/ossrs/srs,18400
google,flatbuffers,https://github.com/google/flatbuffers,18100
oracle,graal,https://github.com/oracle/graal,17200
radareorg,radare2,https://github.com/radareorg/radare2,16400
microsoft,vcpkg,https://github.com/microsoft/vcpkg,16000
kovidgoyal,kitty,https://github.com/kovidgoyal/kitty,15000
shadowsocks,shadowsocks-libev,https://github.com/shadowsocks/shadowsocks-libev,14900
allinurl,goaccess,https://github.com/allinurl/goaccess,14800
hashcat,hashcat,https://github.com/hashcat/hashcat,14700
jarun,nnn,https://github.com/jarun/nnn,14300
TheAlgorithms,C,https://github.com/TheAlgorithms/C,13800
vurtun,nuklear,https://github.com/vurtun/nuklear,13400
facebook,infer,https://github.com/facebook/infer,13300
CoatiSoftware,Sourcetrail,https://github.com/CoatiSoftware/Sourcetrail,12700
qmk,qmk_firmware,https://github.com/qmk/qmk_firmware,12600
s-matyukevich,raspberry-pi-os,https://github.com/s-matyukevich/raspberry-pi-os,11500
electron,electron,https://github.com/electron/electron,102000
microsoft,playwright,https://github.com/microsoft/playwright,39300
FiloSottile,mkcert,https://github.com/FiloSottile/mkcert,35600
iamadamdev,bypass-paywalls-chrome,https://github.com/iamadamdev/bypass-paywalls-chrome,26900
ovity,octotree,https://github.com/ovity/octotree,22000
segmentio,nightmare,https://github.com/segmentio/nightmare,19200
jaywcjlove,linux-command,https://github.com/jaywcjlove/linux-command,18900
checkly,headless-recorder,https://github.com/checkly/headless-recorder,14200
prisma-archive,chromeless,https://github.com/prisma-archive/chromeless,13200
google,WebFundamentals,https://github.com/google/WebFundamentals,13200
casesandberg,react-color,https://github.com/casesandberg/react-color,10700
GoogleChrome,chrome-extensions-samples,https://github.com/GoogleChrome/chrome-extensions-samples,10200
crimx,ext-saladict,https://github.com/crimx/ext-saladict,9300
gildas-lormeau,SingleFile,https://github.com/gildas-lormeau/SingleFile,8700
MetaMask,metamask-extension,https://github.com/MetaMask/metamask-extension,8200
uBlock-LLC,uBlock,https://github.com/uBlock-LLC/uBlock,8100
chromedp,chromedp,https://github.com/chromedp/chromedp,7700
alvarcarto,url-to-pdf-api,https://github.com/alvarcarto/url-to-pdf-api,6600
kangvcar,InfoSpider,https://github.com/kangvcar/InfoSpider,6200
Kenshin,simpread,https://github.com/Kenshin/simpread,6000
yujiosaka,headless-chrome-crawler,https://github.com/yujiosaka/headless-chrome-crawler,5200
MontFerret,ferret,https://github.com/MontFerret/ferret,5000
ajayyy,SponsorBlock,https://github.com/ajayyy/SponsorBlock,5000
moonD4rk,HackBrowserData,https://github.com/moonD4rk/HackBrowserData,4800
themerdev,themer,https://github.com/themerdev/themer,4800
alyssaxuu,omni,https://github.com/alyssaxuu/omni,4700
browserless,chrome,https://github.com/browserless/chrome,4600
firefox-devtools,debugger,https://github.com/firefox-devtools/debugger,4600
burtonator,polar-bookshelf,https://github.com/burtonator/polar-bookshelf,4500
nieweidong,fetool,https://github.com/nieweidong/fetool,4400
iamadamdev,bypass-paywalls-chrome,https://github.com/iamadamdev/bypass-paywalls-chrome,26900
jaywcjlove,linux-command,https://github.com/jaywcjlove/linux-command,18900
refined-github,refined-github,https://github.com/refined-github/refined-github,18000
darkreader,darkreader,https://github.com/darkreader/darkreader,14300
checkly,headless-recorder,https://github.com/checkly/headless-recorder,14200
unbug,codelf,https://github.com/unbug/codelf,12900
Anarios,return-youtube-dislike,https://github.com/Anarios/return-youtube-dislike,9500
crimx,ext-saladict,https://github.com/crimx/ext-saladict,9300
gildas-lormeau,SingleFile,https://github.com/gildas-lormeau/SingleFile,8700
listen1,listen1_chrome_extension,https://github.com/listen1/listen1_chrome_extension,8500
appbaseio,dejavu,https://github.com/appbaseio/dejavu,7800
dailydotdev,daily,https://github.com/dailydotdev/daily,7300
alyssaxuu,screenity,https://github.com/alyssaxuu/screenity,7200
Kenshin,simpread,https://github.com/Kenshin/simpread,6000
ajayyy,SponsorBlock,https://github.com/ajayyy/SponsorBlock,5000
dessant,buster,https://github.com/dessant/buster,4900
manojVivek,medium-unlimited,https://github.com/manojVivek/medium-unlimited,4800
AutomaApp,automa,https://github.com/AutomaApp/automa,4800
alyssaxuu,omni,https://github.com/alyssaxuu/omni,4700
altair-graphql,altair,https://github.com/altair-graphql/altair,4200
webclipper,web-clipper,https://github.com/webclipper/web-clipper,4300
zxlie,FeHelper,https://github.com/zxlie/FeHelper,4100
openstyles,stylus,https://github.com/openstyles/stylus,3900
bilibili-helper,bilibili-helper-o,https://github.com/bilibili-helper/bilibili-helper-o,3800
dejan,rails_panel,https://github.com/dejan/rails_panel,3700
hcfyapp,crx-selection-translate,https://github.com/hcfyapp/crx-selection-translate,3700
honestbleeps,Reddit-Enhancement-Suite,https://github.com/honestbleeps/Reddit-Enhancement-Suite,3500
KartikTalwar,gmail.js,https://github.com/KartikTalwar/gmail.js,3500
WorldBrain,Memex,https://github.com/WorldBrain/Memex,3500
ronggang,PT-Plugin-Plus,https://github.com/ronggang/PT-Plugin-Plus,3500
ohmyzsh,ohmyzsh,https://github.com/ohmyzsh/ohmyzsh,147000
junegunn,fzf,https://github.com/junegunn/fzf,45100
sharkdp,bat,https://github.com/sharkdp/bat,35200
sherlock-project,sherlock,https://github.com/sherlock-project/sherlock,32500
wagoodman,dive,https://github.com/wagoodman/dive,32299
google,zx,https://github.com/google/zx,32200
BurntSushi,ripgrep,https://github.com/BurntSushi/ripgrep,31500
chubin,cheat.sh,https://github.com/chubin/cheat.sh,29400
cli,cli,https://github.com/cli/cli,29000
jesseduffield,lazygit,https://github.com/jesseduffield/lazygit,28000
spf13,cobra,https://github.com/spf13/cobra,27100
angular,angular-cli,https://github.com/angular/angular-cli,25400
alebcay,awesome-shell,https://github.com/alebcay/awesome-shell,23800
sharkdp,fd,https://github.com/sharkdp/fd,23400
n8n-io,n8n,https://github.com/n8n-io/n8n,23000
ibraheemdev,modern-unix,https://github.com/ibraheemdev/modern-unix,22900
google,python-fire,https://github.com/google/python-fire,22600
tqdm,tqdm,https://github.com/tqdm/tqdm,22200
httpie,httpie,https://github.com/httpie/httpie,22100
vercel,pkg,https://github.com/vercel/pkg,21400
avajs,ava,https://github.com/avajs/ava,19800
chalk,chalk,https://github.com/chalk/chalk,18600
urfave,cli,https://github.com/urfave/cli,18500
vadimdemedes,ink,https://github.com/vadimdemedes/ink,18600
withfig,autocomplete,https://github.com/withfig/autocomplete,18300
svg,svgo,https://github.com/svg/svgo,17800
gpakosz,.tmux,https://github.com/gpakosz/.tmux,16800
allinurl,goaccess,https://github.com/allinurl/goaccess,14800
asdf-vm,asdf,https://github.com/asdf-vm/asdf,14800
antonmedv,fx,https://github.com/antonmedv/fx,14600
metabase,metabase,https://github.com/metabase/metabase,28900
logseq,logseq,https://github.com/logseq/logseq,14600
eclipse,deeplearning4j,https://github.com/eclipse/deeplearning4j,12500
LightTable,LightTable,https://github.com/LightTable/LightTable,11700
penpot,penpot,https://github.com/penpot/penpot,10500
kanaka,mal,https://github.com/kanaka/mal,8700
lk-geimfari,awesomo,https://github.com/lk-geimfari/awesomo,8400
tonsky,datascript,https://github.com/tonsky/datascript,4800
reagent-project,reagent,https://github.com/reagent-project/reagent,4500
riemann,riemann,https://github.com/riemann/riemann,4100
weavejester,compojure,https://github.com/weavejester/compojure,3900
bbatsov,clojure-style-guide,https://github.com/bbatsov/clojure-style-guide,3800
izhangzhihao,intellij-rainbow-brackets,https://github.com/izhangzhihao/intellij-rainbow-brackets,3700
status-im,status-react,https://github.com/status-im/status-react,3500
ring-clojure,ring,https://github.com/ring-clojure/ring,3500
clojure-emacs,cider,https://github.com/clojure-emacs/cider,3300
viebel,klipse,https://github.com/viebel/klipse,2900
bhauman,lein-figwheel,https://github.com/bhauman/lein-figwheel,2900
tallesl,Rich-Hickey-fanclub,https://github.com/tallesl/Rich-Hickey-fanclub,2900
babashka,babashka,https://github.com/babashka/babashka,2800
twosigma,beakerx,https://github.com/twosigma/beakerx,2600
pedestal,pedestal,https://github.com/pedestal/pedestal,2500
clj-commons,aleph,https://github.com/clj-commons/aleph,2400
weavejester,hiccup,https://github.com/weavejester/hiccup,2400
razum2um,awesome-clojure,https://github.com/razum2um/awesome-clojure,2400
http-kit,http-kit,https://github.com/http-kit/http-kit,2300
defold,defold,https://github.com/defold/defold,2200
onyx-platform,onyx,https://github.com/onyx-platform/onyx,2000
anmonteiro,lumo,https://github.com/anmonteiro/lumo,1900
xtdb,xtdb,https://github.com/xtdb/xtdb,1900
realm,SwiftLint,https://github.com/realm/SwiftLint,16200
facebook,infer,https://github.com/facebook/infer,13300
analysis-tools-dev,static-analysis,https://github.com/analysis-tools-dev/static-analysis,10000
checkstyle,checkstyle,https://github.com/checkstyle/checkstyle,7100
SonarSource,sonarqube,https://github.com/SonarSource/sonarqube,6900
Kristories,awesome-guidelines,https://github.com/Kristories/awesome-guidelines,6700
facebook,pyre-check,https://github.com/facebook/pyre-check,5900
reviewdog,reviewdog,https://github.com/reviewdog/reviewdog,5200
detekt,detekt,https://github.com/detekt/detekt,4600
simplecov-ruby,simplecov,https://github.com/simplecov-ruby/simplecov,4400
import-js,eslint-plugin-import,https://github.com/import-js/eslint-plugin-import,4100
PyCQA,pylint,https://github.com/PyCQA/pylint,4000
pmd,pmd,https://github.com/pmd/pmd,3900
phpro,grumphp,https://github.com/phpro/grumphp,3800
htmlhint,HTMLHint,https://github.com/htmlhint/HTMLHint,2800
kucherenko,jscpd,https://github.com/kucherenko/jscpd,2600
trekhleb,state-of-the-art-shitcode,https://github.com/trekhleb/state-of-the-art-shitcode,3100
codeclimate,codeclimate,https://github.com/codeclimate/codeclimate,2300
uber,piranha,https://github.com/uber/piranha,1900
wemake-services,wemake-python-styleguide,https://github.com/wemake-services/wemake-python-styleguide,1900
ehmicky,cross-platform-node-guide,https://github.com/ehmicky/cross-platform-node-guide,1300
Tencent,feflow,https://github.com/Tencent/feflow,1200
Tencent,CodeAnalysis,https://github.com/Tencent/CodeAnalysis,1200
urish,typewiz,https://github.com/urish/typewiz,1100
jakzal,phpqa,https://github.com/jakzal/phpqa,1000
imgbot,Imgbot,https://github.com/imgbot/Imgbot,918
joshuaclayton,unused,https://github.com/joshuaclayton/unused,870
sourcery-ai,sourcery,https://github.com/sourcery-ai/sourcery,864
SonarSource,SonarJS,https://github.com/SonarSource/SonarJS,824
pdepend,pdepend,https://github.com/pdepend/pdepend,799
ovity,octotree,https://github.com/ovity/octotree,22000
gitpod-io,gitpod,https://github.com/gitpod-io/gitpod,8300
reviewdog,reviewdog,https://github.com/reviewdog/reviewdog,5200
danger,danger,https://github.com/danger/danger,4900
danger,danger-js,https://github.com/danger/danger-js,4500
joho,awesome-code-review,https://github.com/joho/awesome-code-review,3500
ajinabraham,nodejsscan,https://github.com/ajinabraham/nodejsscan,2000
microsoft,vscode-pull-request-github,https://github.com/microsoft/vscode-pull-request-github,1900
mbj,mutant,https://github.com/mbj/mutant,1800
crev-dev,cargo-crev,https://github.com/crev-dev/cargo-crev,1600
reviewboard,reviewboard,https://github.com/reviewboard/reviewboard,1400
Tencent,CodeAnalysis,https://github.com/Tencent/CodeAnalysis,1200
bit4woo,python_sec,https://github.com/bit4woo/python_sec,1100
ryanmcdermott,code-review-tips,https://github.com/ryanmcdermott/code-review-tips,1200
code-review-checklists,java-concurrency,https://github.com/code-review-checklists/java-concurrency,1000
jiangsir404,Audit-Learning,https://github.com/jiangsir404/Audit-Learning,840
TeamCodeStream,codestream,https://github.com/TeamCodeStream/codestream,797
enlightn,enlightn,https://github.com/enlightn/enlightn,664
palantir,policy-bot,https://github.com/palantir/policy-bot,492
bsamseth,cpp-project,https://github.com/bsamseth/cpp-project,473
uwolfer,gerrit-intellij-plugin,https://github.com/uwolfer/gerrit-intellij-plugin,444
mookid,diffr,https://github.com/mookid/diffr,440
mgreiler,code-review-checklist,https://github.com/mgreiler/code-review-checklist,437
JetBrains,Qodana,https://github.com/JetBrains/Qodana,349
dpnishant,raptor,https://github.com/dpnishant/raptor,329
sjparkinson,static-review,https://github.com/sjparkinson/static-review,327
wandersoncferreira,code-review,https://github.com/wandersoncferreira/code-review,324
burrito-brothers,shiba,https://github.com/burrito-brothers/shiba,290
charignon,github-review,https://github.com/charignon/github-review,285
erikthedeveloper,code-review-emoji-guide,https://github.com/erikthedeveloper/code-review-emoji-guide,230
vercel,next.js,https://github.com/vercel/next.js,88300
rust-lang,rust,https://github.com/rust-lang/rust,67800
webpack,webpack,https://github.com/webpack/webpack,61300
sveltejs,svelte,https://github.com/sveltejs/svelte,59600
gatsbyjs,gatsby,https://github.com/gatsbyjs/gatsby,53100
JetBrains,kotlin,https://github.com/JetBrains/kotlin,41800
babel,babel,https://github.com/babel/babel,41000
parcel-bundler,parcel,https://github.com/parcel-bundler/parcel,40900
evanw,esbuild,https://github.com/evanw/esbuild,32100
vlang,v,https://github.com/vlang/v,29400
markedjs,marked,https://github.com/markedjs/marked,27700
swc-project,swc,https://github.com/swc-project/swc,22600
vercel,pkg,https://github.com/vercel/pkg,21400
v8,v8,https://github.com/v8/v8,19700
ziglang,zig,https://github.com/ziglang/zig,14200
AssemblyScript,assemblyscript,https://github.com/AssemblyScript/assemblyscript,14100
Konloch,bytecode-viewer,https://github.com/Konloch/bytecode-viewer,13000
nim-lang,Nim,https://github.com/nim-lang/Nim,13000
RustPython,RustPython,https://github.com/RustPython/RustPython,11500
gopherjs,gopherjs,https://github.com/gopherjs/gopherjs,11200
compiler-explorer,compiler-explorer,https://github.com/compiler-explorer/compiler-explorer,10900
apache,tvm,https://github.com/apache/tvm,8200
numba,numba,https://github.com/numba/numba,7600
JetBrains,kotlin-native,https://github.com/JetBrains/kotlin-native,7100
Nuitka,Nuitka,https://github.com/Nuitka/Nuitka,7000
elm,compiler,https://github.com/elm/compiler,6900
aalhour,awesome-compilers,https://github.com/aalhour/awesome-compilers,6800
DoctorWkt,acwj,https://github.com/DoctorWkt/acwj,6500
rescript-lang,rescript-compiler,https://github.com/rescript-lang/rescript-compiler,5800
enso-org,enso,https://github.com/enso-org/enso,5500
localstack,localstack,https://github.com/localstack/localstack,41600
harness,drone,https://github.com/harness/drone,25200
jenkinsci,jenkins,https://github.com/jenkinsci/jenkins,19000
auchenberg,volkswagen,https://github.com/auchenberg/volkswagen,12300
openshift,origin,https://github.com/openshift/origin,8100
theonedev,onedev,https://github.com/theonedev/onedev,7800
gocd,gocd,https://github.com/gocd/gocd,6500
concourse,concourse,https://github.com/concourse/concourse,6400
buildbot,buildbot,https://github.com/buildbot/buildbot,4800
gaia-pipeline,gaia,https://github.com/gaia-pipeline/gaia,4700
Strider-CD,strider,https://github.com/Strider-CD/strider,4600
jenkins-x,jx,https://github.com/jenkins-x/jx,4200
ovh,cds,https://github.com/ovh/cds,3900
iterative,cml,https://github.com/iterative/cml,3300
cake-build,cake,https://github.com/cake-build/cake,3300
werf,werf,https://github.com/werf/werf,3200
JamesIves,github-pages-deploy-action,https://github.com/JamesIves/github-pages-deploy-action,3000
ligurio,awesome-ci,https://github.com/ligurio/awesome-ci,2900
tox-dev,tox,https://github.com/tox-dev/tox,2800
TheLartians,ModernCppStarter,https://github.com/TheLartians/ModernCppStarter,2700
shivammathur,setup-php,https://github.com/shivammathur/setup-php,2200
dreamans,syncd,https://github.com/dreamans/syncd,2100
Flagsmith,flagsmith,https://github.com/Flagsmith/flagsmith,1700
lastbackend,lastbackend,https://github.com/lastbackend/lastbackend,1600
nuke-build,nuke,https://github.com/nuke-build/nuke,1500
k1LoW,tbls,https://github.com/k1LoW/tbls,1400
FlowCI,flow-core-x,https://github.com/FlowCI/flow-core-x,1400
bors-ng,bors-ng,https://github.com/bors-ng/bors-ng,1300
bmitch,churn-php,https://github.com/bmitch/churn-php,1200
stepchowfun,toast,https://github.com/stepchowfun/toast,1200
CSSEGISandData,COVID-19,https://github.com/CSSEGISandData/COVID-19,28900
covid19india,covid19india-react,https://github.com/covid19india/covid19india-react,6900
nytimes,covid-19-data,https://github.com/nytimes/covid-19-data,6800
tokyo-metropolitan-gov,covid19,https://github.com/tokyo-metropolitan-gov/covid19,6400
owid,covid-19-data,https://github.com/owid/covid-19-data,5300
pcm-dpc,COVID-19,https://github.com/pcm-dpc/COVID-19,3900
ieee8023,covid-chestxray-dataset,https://github.com/ieee8023/covid-chestxray-dataset,2800
disease-sh,API,https://github.com/disease-sh/API,2400
geohot,corona,https://github.com/geohot/corona,2200
WorldHealthOrganization,app,https://github.com/WorldHealthOrganization/app,2100
corona-warn-app,cwa-server,https://github.com/corona-warn-app/cwa-server,1800
ahmadawais,corona-cli,https://github.com/ahmadawais/corona-cli,1800
github,covid19-dashboard,https://github.com/github/covid19-dashboard,1600
ExpDev07,coronavirus-tracker-api,https://github.com/ExpDev07/coronavirus-tracker-api,1600
soroushchehresa,awesome-coronavirus,https://github.com/soroushchehresa/awesome-coronavirus,1500
mhdhejazi,CoronaTracker,https://github.com/mhdhejazi/CoronaTracker,1500
neherlab,covid19_scenarios,https://github.com/neherlab/covid19_scenarios,1400
chandrikadeb7,Face-Mask-Detection,https://github.com/chandrikadeb7/Face-Mask-Detection,1300
covidpass-org,covidpass,https://github.com/covidpass-org/covidpass,1200
pomber,covid19,https://github.com/pomber/covid19,1200
chrismattmann,tika-python,https://github.com/chrismattmann/tika-python,1200
datasets,covid-19,https://github.com/datasets/covid-19,1100
FoldingAtHome,coronavirus,https://github.com/FoldingAtHome/coronavirus,1100
lindawangg,COVID-Net,https://github.com/lindawangg/COVID-Net,1100
cyberman54,ESP32-Paxcounter,https://github.com/cyberman54/ESP32-Paxcounter,1000
UCSD-AI4H,COVID-CT,https://github.com/UCSD-AI4H/COVID-CT,971
ImperialCollegeLondon,covid19model,https://github.com/ImperialCollegeLondon/covid19model,939
MoH-Malaysia,covid19-public,https://github.com/MoH-Malaysia/covid19-public,929
nychealth,coronavirus-data,https://github.com/nychealth/coronavirus-data,917
cirosantilli,china-dictatorship,https://github.com/cirosantilli/china-dictatorship,893
CyC2018,CS-Notes,https://github.com/CyC2018/CS-Notes,153000
practical-tutorials,project-based-learning,https://github.com/practical-tutorials/project-based-learning,69100
azl397985856,leetcode,https://github.com/azl397985856/leetcode,48400
x64dbg,x64dbg,https://github.com/x64dbg/x64dbg,38600
fffaraz,awesome-cpp,https://github.com/fffaraz/awesome-cpp,38000
youngyangyang04,leetcode-master,https://github.com/youngyangyang04/leetcode-master,28600
microsoft,calculator,https://github.com/microsoft/calculator,25100
huihut,interview,https://github.com/huihut/interview,24600
CMU-Perceptual-Computing-Lab,openpose,https://github.com/CMU-Perceptual-Computing-Lab/openpose,24400
yuzu-emu,yuzu,https://github.com/yuzu-emu/yuzu,20500
TheAlgorithms,C-Plus-Plus,https://github.com/TheAlgorithms/C-Plus-Plus,19700
changkun,modern-cpp-tutorial,https://github.com/changkun/modern-cpp-tutorial,17700
ethereum,solidity,https://github.com/ethereum/solidity,17200
microsoft,vcpkg,https://github.com/microsoft/vcpkg,16000
catchorg,Catch2,https://github.com/catchorg/Catch2,15200
gabime,spdlog,https://github.com/gabime/spdlog,14900
doocs,leetcode,https://github.com/doocs/leetcode,14400
AnthonyCalandra,modern-cpp-features,https://github.com/AnthonyCalandra/modern-cpp-features,14200
ssloy,tinyrenderer,https://github.com/ssloy/tinyrenderer,13900
Qv2ray,Qv2ray,https://github.com/Qv2ray/Qv2ray,13800
facebook,infer,https://github.com/facebook/infer,13300
CoatiSoftware,Sourcetrail,https://github.com/CoatiSoftware/Sourcetrail,12700
google,tink,https://github.com/google/tink,12400
antlr,antlr4,https://github.com/antlr/antlr4,12300
kyleneideck,BackgroundMusic,https://github.com/kyleneideck/BackgroundMusic,11600
SFTtech,openage,https://github.com/SFTtech/openage,11100
compiler-explorer,compiler-explorer,https://github.com/compiler-explorer/compiler-explorer,10900
polybar,polybar,https://github.com/polybar/polybar,10700
OpenRCT2,OpenRCT2,https://github.com/OpenRCT2/OpenRCT2,10600
microsoft,IoT-For-Beginners,https://github.com/microsoft/IoT-For-Beginners,10300
